GEOID,Total Population,Population 18 to 64,Total Households,Aggregate Income,% Group Quarters,Poverty Rate,% Near Poverty,% No Bachelors,Unemployment Rate,PCA Score,Percentile,Mobility Category
20091053202,3623,1860,1707,237030100,7.838807618,9.240362812,1.133786848,21.20838471,4.82069371,-1.657412584,18.57410882,Existing Mobility
20209044400,3056,1712,1079,78853800,0,15.65420561,3.504672897,82.65306122,1.267511674,-0.001486249,61.91369606,Limited Mobility
20091053008,4668,3167,2334,317062900,0,5.020524155,4.294284812,32.638332,5.168389463,-1.29718508,29.26829268,Existing Mobility
20209040200,1955,1220,676,61847200,0.153452685,9.918032787,6.06557377,85.05106778,6.40776699,0.494724826,71.10694184,Limited Mobility
20091052910,5102,3021,1839,291550400,2.783222266,2.579564489,0,29.94943602,1.4894354,-2.236841879,4.315196998,Existing Mobility
20091050301,3648,2822,2351,144174300,0,16.37136782,4.925584692,50.91743119,3.536629376,-0.368902888,53.0956848,Limited Mobility
20091980003,0,0,0,0,,,,,,,,Excluded
20091052004,1609,1000,949,84136300,0,9.7,3.2,44.51219512,12.05673759,-0.164527903,58.34896811,Limited Mobility
20091052414,3746,1792,1486,220254600,0,2.511160714,4.296875,29.92446252,6.177402323,-1.392762536,27.20450281,Existing Mobility
20091053006,4017,2349,2118,221304500,2.688573562,6.282271945,3.012048193,47.55859375,0.667259786,-1.440423839,24.57786116,Existing Mobility
20209041200,1359,812,561,22866300,0,32.63546798,26.72413793,95.57926829,6.116207951,3.720461597,98.87429644,Extremely Limited Mobility
20091051907,3662,2623,1589,127675400,0.819224468,11.13229127,17.80404117,75.41544477,1.752921536,0.881060866,76.36022514,Very Limited Mobility
20209044302,2009,1054,746,46246500,1.095072175,10.22179364,16.77917068,86.9510665,0.424178155,0.884951707,76.5478424,Very Limited Mobility
20091052308,3368,1944,1441,142385400,0,8.384773663,3.446502058,52.56487628,3.848209514,-0.849981215,42.77673546,Existing Mobility
20209044202,4404,2370,1449,136083000,0,5.864978903,20.21097046,89.29384966,4.978540773,1.469574943,87.80487805,Very Limited Mobility
20091052418,3544,2690,1818,114840400,0,14.94423792,9.293680297,68.77340824,5.981896891,0.610124457,72.98311445,Limited Mobility
20091050400,5128,3006,2593,240000300,0.546021841,20.26622296,3.926788686,44.65795542,1.320956801,-0.623208572,46.71669794,Existing Mobility
20091052102,2944,1938,1311,102781000,2.955163043,12.12278876,3.121748179,69.09814324,0.061236987,-0.667866509,45.59099437,Existing Mobility
20091052001,2262,1581,1452,119183200,0.221043324,2.150537634,8.096141682,43.66401159,7.662835249,-0.602227404,47.8424015,Existing Mobility
20209041600,3824,2299,1177,118156100,0,11.91822532,10.09134406,77.56696429,10.89060987,1.22572492,82.92682927,Very Limited Mobility
20091052417,3607,2754,1638,174110900,1.469365123,4.263848397,9.620991254,59.11654135,4.831460674,-0.274243977,55.53470919,Limited Mobility
20091053804,6118,3171,1927,426986800,0,0.851466414,0.315357931,27.45971889,3.746290801,-2.132285017,6.941838649,Existing Mobility
20091053009,4732,2710,1981,321809900,0,4.354243542,1.439114391,24.75450082,2.010424423,-2.088944664,8.630393996,Existing Mobility
20091980001,0,0,0,0,,,,,,,,Excluded
20209044102,3142,1738,942,80847100,0.350095481,19.50517837,5.120828539,82.26018397,3.008423586,0.509924947,71.2945591,Limited Mobility
20091052806,5563,3579,2039,287150400,0,6.454316848,2.235261246,39.77018832,4.324663115,-1.315463867,29.08067542,Existing Mobility
20091053010,6075,3915,2542,440519800,0.395061728,2.45210728,2.068965517,28.43165468,2.622036262,-1.985100299,10.13133208,Existing Mobility
20091053557,2464,1495,1039,76921100,0,16.65551839,9.765886288,75.25450274,8.910891089,1.192917361,82.17636023,Very Limited Mobility
20091053429,4108,2249,1768,520877700,0.827653359,3.245887061,0.933748333,29.69814995,3.216542217,-1.95160399,10.88180113,Existing Mobility
20091053425,2752,1615,813,140358600,0,0.495356037,5.325077399,32.86034354,0,-1.964206708,10.31894934,Existing Mobility
20209044702,4724,2977,1692,143189700,3.852667231,17.95313577,6.857339766,81.08465608,8.74422188,1.130723404,81.05065666,Very Limited Mobility
20209044807,3004,1942,1113,146989700,0,6.179196704,1.905252317,61.53846154,1.924233313,-1.081100351,34.89681051,Existing Mobility
20091053510,5307,3329,1785,314234500,0,1.411835386,0.300390508,34.45855615,1.830024814,-2.13031187,7.12945591,Existing Mobility
20091052421,4715,3058,2324,272595900,1.31495228,2.4852845,0.948332243,39.08424908,0.930083387,-1.997387404,9.5684803,Existing Mobility
20091980005,0,0,0,0,,,,,,,,Excluded
20209040900,1308,792,650,47508300,0,13.88888889,0.757575758,88.04500703,1.805054152,-0.151153077,58.53658537,Limited Mobility
20091053012,2973,2094,1471,172544900,0.369996636,17.669532,2.053486151,29.20592194,3.777239709,-1.045065236,36.77298311,Existing Mobility
20091051908,1694,1064,697,80841100,0,3.947368421,0,54.35016112,6.504854369,-1.074144749,35.08442777,Existing Mobility
20091053428,3786,2143,1085,297632400,0,6.766215586,0.746616892,24.70826991,0.848806366,-2.140045596,6.378986867,Existing Mobility
20091052608,6485,3735,2129,506020600,0.709329221,7.121820616,3.694779116,18.6300561,0.987797792,-1.995551709,9.943714822,Existing Mobility
20091051912,2554,1629,936,93078900,0,5.770411295,9.515039902,57.33041575,2.059025395,-0.526613294,49.34333959,Existing Mobility
20091052611,2322,1341,934,144470300,0,2.237136465,1.267710664,53.38541667,1.393188854,-1.594041564,20.0750469,Existing Mobility
20209041900,1574,1153,666,45779000,0.127064803,7.545533391,10.66782307,78.26086957,15.58307534,1.535245561,88.74296435,Very Limited Mobility
20091052306,3621,1864,1486,305025300,0,1.341201717,0.375536481,27.43142145,1.938426454,-2.284521038,3.564727955,Existing Mobility
20091053601,1800,1281,777,54733600,0.388888889,15.84699454,9.836065574,74.83059051,5.363636364,0.787499962,75.23452158,Very Limited Mobility
20091053703,3415,2186,1432,133986400,0,6.312900274,2.104300091,55.84699454,3.806228374,-1.00247985,38.08630394,Existing Mobility
20091052803,3923,2513,1342,152613800,0.586286006,5.173099881,5.809789097,55.65993424,2.978056426,-0.828154401,43.33958724,Existing Mobility
20091050302,1902,1073,1179,102681700,3.575184017,10.97560976,9.193245779,42.5698324,3.746877602,-0.461137223,51.03189493,Limited Mobility
20209043500,2013,993,707,56994300,0,4.229607251,5.740181269,81.3487882,2.625298329,-0.305803034,54.59662289,Limited Mobility
20091053502,3660,2391,1258,81890500,15.40983607,13.24921136,8.885383807,71.43774069,4.662457504,0.415069473,70.3564728,Limited Mobility
20091050100,4420,2935,2266,244963500,0,4.361158433,2.930153322,34.76845152,0.635989525,-1.858216411,13.50844278,Existing Mobility
20091053711,5463,3442,1667,310180600,11.98974922,0.966356478,2.219040802,59.61475677,1.37562094,-1.431333311,25.51594747,Existing Mobility
20091053108,4119,2380,1740,225342500,0,13.94957983,1.848739496,22.45240761,0.511152416,-1.751542875,15.94746717,Existing Mobility
20091053430,4866,2897,1687,412097900,0,0.483258543,0.276147739,18.56639248,8.141321045,-1.923521746,11.44465291,Existing Mobility
20209042800,3561,2106,1471,115812100,0.140409997,19.61063628,6.220322887,84.06050029,8.347153123,1.194012617,82.36397749,Very Limited Mobility
20091052305,4645,2631,1870,246084600,2.798708288,3.828306265,0.889404486,53.30396476,3.510204082,-1.330669271,28.51782364,Existing Mobility
20091052905,4357,3301,1766,141062300,0,4.36231445,4.150257498,73.39071856,2.130993419,-0.677508467,45.40337711,Existing Mobility
20091050800,2446,1135,787,363040500,0,0.881057269,0,14.43108233,1.387755102,-2.70803747,0.375234522,Existing Mobility
20209044601,3194,2081,919,94569500,1.941139637,5.237633366,3.976721629,82.72463768,4.09495549,-0.224623877,57.03564728,Limited Mobility
20091052904,4467,2644,1624,175201500,0.111931945,3.517397882,2.571860817,52.61824324,4.703703704,-1.096280215,34.14634146,Existing Mobility
20091053101,4328,2649,2214,229318600,0,4.077010193,2.378255946,25.80340265,2.411399342,-1.95619073,10.69418386,Existing Mobility
20091050700,4565,2974,1898,357498300,0.08762322,4.169468729,1.513113652,16.94298423,3.523738872,-2.126035552,7.317073171,Existing Mobility
20091053559,4387,2654,1411,238474200,0,2.712886209,0.301431801,22.9368932,1.625049544,-2.357429354,2.251407129,Existing Mobility
20209041100,1599,750,537,23888700,0,18.93333333,27.2,75.35816619,7.278481013,2.670223667,96.24765478,Extremely Limited Mobility
20091053560,5228,2818,1592,272012800,0,1.277501774,1.77430802,32.85946385,1.179941003,-2.112930248,7.504690432,Existing Mobility
20091051805,6322,3490,2516,308706200,4.413160392,6.262684836,0.521890403,30.71381794,2.56339581,-1.869430007,13.13320826,Existing Mobility
20091052006,3703,2594,1553,140316200,0,6.784888204,9.444872783,59.6872285,4.784881383,-0.147112036,58.72420263,Limited Mobility
20209043400,2114,1108,732,50179500,0,8.393501805,4.512635379,68.4729064,6.900452489,-0.067827427,61.16322702,Limited Mobility
20091053705,3080,1732,1009,90633400,0,1.212471132,14.20323326,78.07768269,3.80952381,0.313342274,68.85553471,Limited Mobility
20091050500,2605,1735,1110,121474900,0.729366603,1.671469741,1.786743516,51.8705036,0,-1.755819388,15.57223265,Existing Mobility
20091053603,3416,1509,1159,151954300,8.928571429,6.013986014,0,56.54929577,0.761245675,-1.492690154,22.51407129,Existing Mobility
20209042100,2864,1451,917,75643200,0,22.05375603,11.30254997,90.2027027,1.934398654,1.264880945,83.86491557,Very Limited Mobility
20091051100,3359,2252,1645,144714000,0.595415302,8.969804618,4.706927176,54.01945725,7.673509286,-0.287713815,55.15947467,Limited Mobility
20091053403,3993,2540,1635,305202500,0,3.976377953,11.22047244,33.97913562,3.280898876,-0.907705403,41.65103189,Existing Mobility
20091053712,4690,2826,1524,182134200,0,2.441613588,4.989384289,65.89991929,1.364522417,-0.962666978,39.96247655,Existing Mobility
20091052307,3838,2480,1703,184647000,0.130276186,3.75,0.766129032,44.29049212,0.560897436,-1.859140424,13.32082552,Existing Mobility
20091051807,4123,2188,1509,198699600,0.072762552,2.742230347,1.325411335,25.4601227,2.606007067,-2.10717413,7.692307692,Existing Mobility
20091052505,3115,2388,1840,223800600,0,5.695142379,1.549413735,51.83324962,2.719033233,-1.289396315,29.6435272,Existing Mobility
20091053004,3816,2188,1766,191577500,3.694968553,2.204869086,5.695911805,42.33766234,1.442068623,-1.469024644,23.4521576,Existing Mobility
20209044002,3065,1679,1212,84870700,0,20.13103038,8.636092912,83.92498326,3.630363036,0.952054278,78.23639775,Very Limited Mobility
20091051600,5879,3460,2152,515533900,0.510290866,1.473988439,2.225433526,19.37172775,2.024421594,-2.30025265,2.814258912,Existing Mobility
20209040600,2760,1406,1036,76683800,0,15.78947368,18.42105263,93.35083115,9.964726631,2.440328302,95.49718574,Extremely Limited Mobility
20091052502,1979,1147,714,148932300,0,5.318221447,0,30.14354067,2.997275204,-1.934710534,11.06941839,Existing Mobility
20091052606,2372,1652,956,123310500,0.295109612,4.237288136,1.694915254,52.3154848,2.667534157,-1.347622242,28.33020638,Existing Mobility
20091053413,3636,2220,1564,265509200,0,4.81981982,0.900900901,25.65470417,2.888446215,-2.000909048,9.380863039,Existing Mobility
20091053803,3981,2299,1527,328837900,0,1.174423662,0.4784689,38.56868396,0.802265219,-2.133014095,6.754221388,Existing Mobility
20091052423,2931,1897,1206,73492100,6.38007506,18.6836518,8.333333333,69.19000757,2.701043585,0.402844177,69.79362101,Limited Mobility
20209044201,3613,1955,1366,122633900,1.300858013,2.823408624,6.878850103,73.94247039,0.779376499,-0.644701226,46.15384615,Existing Mobility
20091052702,2161,1396,888,159514700,0,4.727793696,11.1747851,62.97836938,7.109737249,0.20833544,66.22889306,Limited Mobility
20209042400,2746,1666,937,61171500,0.54624909,12.484994,26.05042017,88.21548822,1.176470588,1.918987689,92.68292683,Extremely Limited Mobility
20209043000,3449,2088,1512,94309300,0,9.770114943,14.41570881,81.99886428,4.517453799,0.950466439,78.04878049,Very Limited Mobility
20091052613,7776,4691,2308,473555200,0,1.129823065,0,28.82694541,1.966546112,-2.292241468,3.189493433,Existing Mobility
20091052604,2458,1252,982,168358800,0.284784378,0.71884984,1.597444089,33.48017621,0,-2.262370788,3.752345216,Existing Mobility
20209044101,1552,830,552,40226600,0,28.19277108,3.373493976,85.07653061,0.138504155,0.595086171,72.42026266,Limited Mobility
20091052607,2987,1718,883,181492000,0,4.54016298,9.254947614,31.604426,4.690686608,-0.963369776,39.77485929,Existing Mobility
20209040500,2337,1304,868,67315800,0,20.55214724,9.81595092,91.85317816,7.54332314,1.662221503,90.05628518,Extremely Limited Mobility
20091053110,3875,2300,1206,236279400,2.374193548,5.399473222,0.658472344,16.1038961,1.963534362,-2.313119824,2.626641651,Existing Mobility
20209044900,4740,2523,1724,153355700,0.949367089,11.02268205,6.804615997,78.42197036,2.975133215,0.11219689,64.54033771,Limited Mobility
20209980500,0,0,0,0,,,,,,,,Excluded
20209044301,2266,1598,963,72926800,2.824360106,14.11238825,7.726692209,82.4964132,3.874538745,0.544523087,72.2326454,Limited Mobility
20209044603,0,0,0,0,,,,,,,,Excluded
20091053801,8287,4977,2966,402826200,0.579220466,5.392354125,1.730382294,51.49686702,5.287610619,-1.03806545,37.3358349,Existing Mobility
20091053707,5299,3392,1893,186667300,0.566144556,14.26886792,6.692216981,68.5,4.810209424,0.222687512,66.41651032,Limited Mobility
20091053005,2259,1441,973,144630000,0.575475874,1.734906315,1.665510062,50.27152832,6.960950764,-1.097604361,33.9587242,Existing Mobility
20091053426,5706,3607,1900,346289500,0,0.526753535,3.32686443,38.93200869,1.678060907,-1.821905118,14.25891182,Existing Mobility
20091053701,2859,1705,992,136270200,0,3.695014663,6.686217009,70,3.223806572,-0.462462328,50.84427767,Limited Mobility
20091053418,5523,3119,1934,327892000,0,4.488618147,3.815325425,39.18067227,0.607222755,-1.671772493,18.01125704,Existing Mobility
20091051909,6917,4697,2621,285330400,0.216857019,6.770278901,7.643176496,51.64357512,7.755359395,-0.196886742,57.78611632,Limited Mobility
20091052804,6457,3028,1956,540687900,0,0,2.675033025,32.04439671,2.419054708,-1.996343612,9.756097561,Existing Mobility
20209043903,3187,1850,1147,90583500,0,16.91891892,12.10810811,92.7047488,7.582089552,1.693769277,90.61913696,Extremely Limited Mobility
20091052701,5501,3306,1982,277818700,1.145246319,3.124052169,2.03215044,55.38039753,7.769738912,-0.788194157,44.46529081,Existing Mobility
20209044804,5399,2866,1734,248391700,0,3.768318214,0.174459177,48.99169632,4.392014519,-1.410087627,26.07879925,Existing Mobility
20209044703,4676,2920,1681,202034500,1.710863986,1.076015272,0,59.07034142,11.06811146,-0.652146637,45.96622889,Existing Mobility
20091052908,5473,3373,2592,208441900,1.58962178,6.07767566,5.306848503,60.22229707,0.25477707,-0.99028525,38.64915572,Existing Mobility
20209042900,3835,2096,1572,81685600,0,31.77480916,22.32824427,84.7546729,14.22165279,3.852403916,99.24953096,Extremely Limited Mobility
20091052416,3882,2326,1880,174481900,3.323029366,5.553164012,8.953938872,55.05617978,4.581280788,-0.386417657,52.34521576,Limited Mobility
20091053109,3130,2319,1268,167444400,0,2.242345839,2.026735662,21.59383033,5.993233446,-1.822566133,14.07129456,Existing Mobility
20091051804,4652,2800,2368,261107000,0,10.67857143,0.642857143,35.94654788,0.836972344,-1.674401887,17.82363977,Existing Mobility
20209045200,3580,2978,1933,132950500,1.117318436,18.02108126,3.706222373,61.15920211,6.13964687,0.120170865,64.72795497,Limited Mobility
20091051000,3862,2368,1563,305138000,0.54375971,4.138513514,0.591216216,18.85856079,0.864304235,-2.43104473,1.313320826,Existing Mobility
20209981500,47,15,14,834200,0,0,0,100,0,,,Excluded
20091051700,5468,3114,2165,484944700,0.493782004,1.573538857,1.027617213,22.49380092,0,-2.529362608,0.938086304,Existing Mobility
20091053422,2505,1670,1012,200437000,0,15.26946108,1.736526946,30.81550802,6.441947566,-0.891988286,42.21388368,Existing Mobility
20091053203,6624,3501,2942,618445100,0.030193237,3.570408455,3.570408455,18.33801937,1.626248217,-2.136959695,6.566604128,Existing Mobility
20091053419,1893,1033,708,136621300,0,2.129719264,0,16.05351171,2.885572139,-2.451705906,1.125703565,Existing Mobility
20209043803,2838,1791,1091,85406200,0.070472163,7.761027359,6.365159129,76.93315858,6.639839034,0.23598048,66.79174484,Limited Mobility
20209044303,1878,1054,670,45692200,4.206602769,11.67953668,21.81467181,84.22330097,6.896551724,1.990005767,93.24577861,Extremely Limited Mobility
20091052612,3159,2360,1105,188829500,0,1.271186441,0.296610169,21.35718043,8.560311284,-1.770937423,15.19699812,Existing Mobility
20091051910,1775,1241,913,71061900,0,17.80821918,5.479452055,49.33586338,12.47021446,0.620709922,73.17073171,Limited Mobility
20091053102,5069,3181,2008,251761600,0,6.161584407,3.898145237,32.65966047,1.762114537,-1.615068881,19.51219512,Existing Mobility
20091053007,4793,2893,2090,266538600,0.104318798,1.901140684,0,37.91348601,0.812146893,-2.150873721,6.191369606,Existing Mobility
20091051803,3821,2517,2008,169684700,1.334729129,4.824561404,4.226475279,44.59272895,0.498275201,-1.499795527,22.13883677,Existing Mobility
20091050000,5342,3131,2210,427239700,0.093597903,5.844778026,0.511018844,19.72717733,5.037697053,-1.905022336,12.57035647,Existing Mobility
20209040700,1683,1181,586,33396600,2.911467617,10.33022862,11.09229467,96.63032706,7.297830375,1.321335405,85.36585366,Very Limited Mobility
20091053604,5537,3516,1991,235019000,0,10.46643914,2.417519909,61.35997422,7.424291762,-0.257655962,56.09756098,Limited Mobility
20209980000,0,0,0,0,,,,,,,,Excluded
20091053415,4466,2461,2091,275827400,0,4.022754978,2.600568874,30.18955155,0.73800738,-2.004001337,9.193245779,Existing Mobility
20091051902,4227,2752,1880,212662500,0.165602082,2.979651163,6.904069767,45.94155844,1.975850714,-1.182603278,31.70731707,Existing Mobility
20091053011,2742,1663,1091,168088800,1.349380015,0.784550392,0,33.79026731,0.304878049,-2.359858357,2.063789869,Existing Mobility
20091052201,3559,2204,1299,137930900,0.309075583,5.399274047,0.816696915,59.19329492,2.873268343,-1.17739511,31.89493433,Existing Mobility
20091053431,2627,1591,937,263623400,0,1.822752986,0,23.21428571,6.527415144,-1.92866734,11.25703565,Existing Mobility
20091053558,3215,2038,1056,159508000,0.34214619,2.306182532,3.091265947,44.06233208,3.948080043,-1.39607897,26.82926829,Existing Mobility
20209041500,2929,1789,871,55929400,1.331512462,22.63305322,16.35854342,92.78737791,0.074626866,1.609927817,89.4934334,Very Limited Mobility
20209044500,2377,1508,799,71825800,0,21.94960212,8.554376658,90.5435592,4.630454141,1.30056817,85.1782364,Very Limited Mobility
20091052419,5079,3185,2090,253605900,0,12.46467818,5.400313972,41.36400323,1.52574698,-0.96611098,39.58724203,Existing Mobility
20091052609,6611,3768,2219,407671700,0,2.043524416,0,22.93853073,2.137361072,-2.367327717,1.876172608,Existing Mobility
20091053302,7007,3486,2660,745149300,0.542314828,3.643144005,4.876649455,25.21419829,3.348214286,-1.680855328,17.63602251,Existing Mobility
20091980100,0,0,0,0,,,,,,,,Excluded
20209042600,2605,1614,957,45705100,0,23.54399009,15.36555143,83.21005917,14.39936356,2.790722978,96.62288931,Extremely Limited Mobility
20091051400,3295,1523,1389,226106200,0,3.282994091,1.4445174,21.32963989,3.271028037,-2.099660076,8.067542214,Existing Mobility
20209041400,1522,985,805,43862700,0,23.35025381,6.192893401,77.6119403,6.591143151,1.058071452,80.48780488,Very Limited Mobility
20091052304,4865,2656,2060,248700900,3.45323741,2.809415338,2.771450266,44.09257004,3.814602133,-1.410059347,26.26641651,Existing Mobility
20209044103,3113,1792,1298,100438900,3.212335368,1.254275941,6.727480046,73.79912664,4.454203262,-0.372972799,52.90806754,Limited Mobility
20209043301,3530,2412,1573,103539500,0,11.65008292,7.048092869,64.27795874,1.604554865,-0.309987102,54.40900563,Limited Mobility
20091052807,5156,2785,1853,347292800,0,0.718132855,0.646319569,23.13985197,0.504540868,-2.541457283,0.750469043,Existing Mobility
20091053421,3998,2327,1599,264032400,0,0.558659218,4.899011603,22.72069465,0.819299044,-2.157535404,6.003752345,Existing Mobility
20091052101,1670,1018,754,58404400,6.826347305,13.95112016,17.61710794,67.57679181,6.138392857,1.270021013,84.05253283,Very Limited Mobility
20209043600,6038,3621,2298,153953300,0,11.62662248,10.24578846,87.31443995,6.433333333,1.006176263,79.54971857,Very Limited Mobility
20209042002,1386,900,593,24150500,0,38.77777778,6.888888889,95.83911234,0,1.705387832,90.80675422,Extremely Limited Mobility
20091051300,4266,2646,2136,193349700,3.375527426,8.234845597,5.451772779,35.3539463,5.588235294,-0.918700895,41.08818011,Existing Mobility
20091053427,6684,3758,2134,674154200,0.52363854,0.691857371,0.532197978,24.06721732,2.455146364,-2.333451457,2.43902439,Existing Mobility
20091051911,3001,2057,1149,88549300,5.064978341,12.19512195,15.12195122,55.82028591,8.358817533,0.903005284,77.11069418,Very Limited Mobility
20091052805,7661,4422,2497,440626500,0,5.970149254,0.361827227,48.92566066,2.083333333,-1.512073317,21.95121951,Existing Mobility
20209044001,2830,1738,1117,83349300,0,13.98158803,8.573072497,76.63782447,8.39112344,0.927859294,77.86116323,Very Limited Mobility
20091053556,2276,1425,908,67727000,0.527240773,8.350877193,4.98245614,78.6701209,1.998462721,-0.280908768,55.34709193,Limited Mobility
20209041300,5102,2929,1691,106879600,0.215601725,16.96824855,13.72482076,86.04651163,9.346204476,1.856428064,91.93245779,Extremely Limited Mobility
20209981200,0,0,0,0,,,,,,,,Excluded
20091051806,5806,3447,2589,370478000,2.290733724,3.875291375,1.660839161,25.15762926,0,-2.288580511,3.377110694,Existing Mobility
20091980004,151,36,36,,0,0,100,100,0,,,Excluded
20091053417,3752,2358,1313,227717100,0,5.428329092,0.890585242,23.47222222,5.120630231,-1.796104936,14.63414634,Existing Mobility
20091053105,3435,2530,1855,182650700,0,5.296442688,6.679841897,41.58125915,3.859348199,-0.993251344,38.46153846,Existing Mobility
20091052411,2944,1625,1031,206269800,0,0,0.861538462,24.49118046,1.681681682,-2.409453267,1.500938086,Existing Mobility
20091053709,7218,4088,2236,256939500,2.687725132,1.020154267,1.119681513,67.40031072,4.936190706,-0.978261366,39.02439024,Existing Mobility
20091052422,4834,2727,1860,203878700,0.082747207,1.320132013,7.370737074,44.76491505,2.877138414,-1.166867739,32.45778612,Existing Mobility
20091053411,5021,3319,2178,321005100,0.059749054,2.711660139,0.873757156,40.35087719,4.434728295,-1.607354132,19.88742964,Existing Mobility
20209042200,1814,1009,563,47382800,0.385887541,13.37958375,13.37958375,85.79610538,7.08915145,1.402107238,87.05440901,Very Limited Mobility
20091053507,5892,3364,2061,284538300,0,2.229488704,2.288941736,38.17635271,0.522433927,-1.957027929,10.5065666,Existing Mobility
20209044803,7402,3896,2586,306331900,0,1.617043121,0,59.92388759,0.317208565,-1.689827201,17.44840525,Existing Mobility
20091052410,5549,3117,2258,276088400,0.288340241,4.202759063,3.400705807,35.14584084,1.733725875,-1.705619737,17.07317073,Existing Mobility
20091050200,3733,2579,1844,241722500,0,6.901899961,0.271423032,28.96461337,2.594960511,-1.896015983,12.75797373,Existing Mobility
20091052906,4915,2938,1633,155131500,0.691759919,9.08781484,5.786249149,66.52211622,3.596614951,-0.300663015,54.97185741,Limited Mobility
20091051200,4174,2655,1994,185456600,0,8.662900188,5.649717514,46.63016007,2.743362832,-0.896806747,41.83864916,Existing Mobility
20091053509,6477,4018,2456,285093800,0.185270959,2.588352414,7.391737183,50.80824972,1.68707483,-1.073696373,35.27204503,Existing Mobility
20209042300,2929,1682,1026,49975700,0,28.65636147,15.04161712,90.53857351,4.527402701,2.210591886,94.55909944,Extremely Limited Mobility
20209042700,3865,2359,1064,90562400,0,6.697753285,10.42814752,83.41085271,2.83877879,0.304311621,68.29268293,Limited Mobility
20091052610,5878,3498,1758,321503500,0,2.887364208,1.429388222,36.53725736,3.546099291,-1.730614978,16.69793621,Existing Mobility
20209042001,1731,1205,465,24840600,25.30329289,18.19354839,19.22580645,88.8066605,15.60283688,3.09910307,97.56097561,Extremely Limited Mobility
20209043905,2094,1128,692,42765000,3.724928367,21.71985816,5.407801418,92.82560706,6.447963801,1.252481057,83.67729831,Very Limited Mobility
20091052202,3454,1877,1321,142102300,0.115807759,9.003729355,4.688332445,60.12918379,6.815816857,-0.228191933,56.84803002,Limited Mobility
20091053555,1781,1245,916,58502900,4.154969118,22.23140496,10.5785124,61.55358899,8.837209302,1.22414818,82.73921201,Very Limited Mobility
20091051801,4255,2067,1799,354191400,0,5.515239478,5.853894533,17.88008565,6.545820745,-1.348615217,28.14258912,Existing Mobility
20091053423,5280,3172,1525,378074100,0,0.630517024,0,16.74895556,5.707674508,-2.229229683,4.69043152,Existing Mobility
20209045100,2208,1660,943,59715700,0,24.03614458,16.20481928,69.85172982,4.295403165,1.549267328,88.93058161,Very Limited Mobility
20209044602,0,0,0,0,,,,,,,,Excluded
20091053409,3543,2260,1514,355340700,0.084674005,6.061946903,3.761061947,28.63590772,3.796818881,-1.522798187,21.38836773,Existing Mobility
20091053414,5386,3900,2544,334245700,0,12.20512821,3.974358974,17.61006289,6.893235011,-1.129351516,33.20825516,Existing Mobility
20209043802,1342,825,522,55972200,0,7.272727273,3.757575758,75.83547558,16.55844156,0.959266156,78.61163227,Very Limited Mobility
20209980900,0,0,0,0,,,,,,,,Excluded
20091051808,2227,1462,1268,85720200,0,11.83310534,8.686730506,50.54446461,0.758150114,-0.571340781,48.21763602,Existing Mobility
20091051500,4269,2526,1988,254577700,4.731787304,10.12505042,2.29931424,33.62226277,0.556745182,-1.643267584,19.1369606,Existing Mobility
20209044704,1718,1085,682,68158500,0.291036088,4.055299539,0,63.37402886,1.839303001,-1.324337139,28.89305816,Existing Mobility
20091052005,2670,1798,1441,116305800,1.460674157,10.56456121,5.030743432,60.31847134,0.12642225,-0.78733908,44.65290807,Existing Mobility
20209043904,3104,1736,1119,67623200,0,10.08064516,18.49078341,79.03103709,14.02629931,2.212260039,94.7467167,Extremely Limited Mobility
20091052507,2988,1991,1484,327041700,0,4.570567554,3.465595178,31.90883191,4.289405685,-1.499519599,22.32645403,Existing Mobility
20091052907,4690,3059,1708,167111100,7.206823028,20.07899934,7.669519421,65.02109705,6.169568509,0.669875832,73.92120075,Limited Mobility
20091053201,2875,1637,1417,198187000,4.173913043,5.723472669,1.414790997,22.80058651,0.913520097,-2.176117555,5.440900563,Existing Mobility
20091053508,5981,3725,2067,292165000,0.083598061,6.308724832,1.798657718,50.95269382,0.882939334,-1.44182256,24.3902439,Existing Mobility
20091053301,5579,2559,2185,532498000,0,8.362641657,0,16.16541353,1.627486438,-2.246030271,4.127579737,Existing Mobility
20209044104,3516,2050,1603,100379500,2.87258248,16.38676845,5.648854962,67.48466258,6.318504191,0.372155259,69.41838649,Limited Mobility
20091053506,3830,2193,1389,192054000,0,6.520747834,2.325581395,36.37837838,6.82464455,-1.132442928,33.0206379,Existing Mobility
20091052506,1406,822,610,100611600,0.284495021,0,1.581508516,37.97653959,4.685714286,-1.720709537,16.88555347,Existing Mobility
20091053013,3016,2145,1471,159436600,0,1.398601399,6.853146853,41.34715026,1.341201717,-1.444767953,24.20262664,Existing Mobility
20091052415,3362,2395,1722,185454400,0,2.212943633,3.131524008,38.96103896,0.666666667,-1.851146886,13.69606004,Existing Mobility
20091050600,4657,2750,1871,266468100,0.708610694,1.6,0,39.86013986,4.664310954,-1.730902332,16.51031895,Existing Mobility
20091051904,6374,3798,2820,317753400,0,2.52764613,2.632964718,37.51909563,7.950756604,-1.176083417,32.08255159,Existing Mobility
20209040100,2655,1509,875,61209100,0,28.89330683,0.662690524,97.39625712,5.475504323,1.229950196,83.30206379,Very Limited Mobility
20209043700,2489,1592,788,59353200,0,12.75125628,13.37939698,93.49535382,5.224429728,1.364352811,86.30393996,Very Limited Mobility
20091050900,4748,2419,2080,481911400,1.600673968,4.547333609,3.431169905,13.87230133,1.33611691,-2.233416594,4.502814259,Existing Mobility
29095011702,1903,1387,866,50122100,0.157645822,23.79235761,15.57317952,88.90784983,6.367041199,2.14623098,94.18386492,Extremely Limited Mobility
29047021303,5808,3245,1902,417363600,0,1.664098613,0.801232666,29.99304106,0.656598818,-2.298662375,3.001876173,Existing Mobility
29095015200,3203,3034,2142,197920500,2.684982829,12.72048847,2.23880597,29.11290323,5.053883315,-1.164254991,32.64540338,Existing Mobility
29095010105,3807,1668,1797,202821900,3.073286052,7.212713936,2.139364303,34.52617628,0.988947062,-1.746183479,16.13508443,Existing Mobility
29095015600,3382,2300,1168,65828200,0,28.13043478,11.56521739,93.26303456,3.046357616,1.795219497,91.18198874,Extremely Limited Mobility
29037060305,4452,2635,1740,231447100,0,4.895635674,1.10056926,56.70628183,1.738778811,-1.353464893,27.95497186,Existing Mobility
29047021209,5101,2669,1602,183407100,0.74495197,4.83201208,1.736504341,60.0160901,1.53019024,-1.24338981,30.58161351,Existing Mobility
29095014904,6913,4027,2637,314819300,0.028931,3.898683884,3.178544822,58.36853221,4.71190781,-0.884935753,42.40150094,Existing Mobility
29037060309,4074,2507,1636,171703000,0,10.25129637,0.558436378,66.02658789,3.068592058,-0.759792272,45.02814259,Existing Mobility
29095016400,1636,1154,786,36083700,1.283618582,23.65684575,16.89774697,96.45093946,5.555555556,2.352751323,95.12195122,Extremely Limited Mobility
29095989200,21,10,5,,0,0,0,100,0,,,Excluded
29095013307,2819,1490,1106,68338300,0.248315005,24.4295302,8.456375839,78.65897621,6.614447346,1.339862649,85.92870544,Very Limited Mobility
29095012501,3688,2153,1519,107442400,0.135574837,10.21830005,8.732001858,77.59562842,3.882418192,0.309495167,68.48030019,Limited Mobility
29095011100,3249,1977,1305,105270900,0.092336103,10.77389985,12.34193222,71.70236753,4.837683004,0.609181647,72.79549719,Limited Mobility
29095014601,4941,2645,2120,169321100,0.10119409,6.427221172,3.856332703,72.90767903,4.313099042,-0.384708111,52.72045028,Limited Mobility
29047021403,2565,1633,1193,88571300,0,2.939375383,7.470912431,66.98319942,8.549222798,0.032088106,62.6641651,Limited Mobility
29095013803,5420,3092,1977,211683200,0,3.395860285,3.331177232,69.93752297,8.695652174,-0.219039486,57.22326454,Limited Mobility
29095014111,5018,2739,1994,244146600,0.099641291,8.616283315,5.403431909,59.99223904,0.758483034,-0.801975613,44.27767355,Existing Mobility
29095014205,3422,1981,1320,119373300,5.493863238,10.75268817,4.403481823,68.22600243,0.961025093,-0.558649254,48.40525328,Existing Mobility
29095014127,1636,867,776,50000300,0,11.64936563,10.26528258,70.3379224,0.594530321,0.013072323,62.28893058,Limited Mobility
29095014300,5341,2701,1884,212411200,6.309679835,6.469002695,4.774740085,68.59361519,5.691056911,-0.266298482,55.90994371,Limited Mobility
29095016600,1687,867,704,34451900,1.126259632,19.60784314,9.457900807,90.48877147,5.578800558,1.349803917,86.1163227,Very Limited Mobility
29095006100,2466,1301,1275,86678300,0,21.06072252,3.689469639,76.33779264,11.9828816,1.233206771,83.48968105,Very Limited Mobility
29047021601,4665,3003,1534,188484500,0.064308682,3.33000333,0.432900433,60.15965167,1.477832512,-1.43840944,24.95309568,Existing Mobility
29095014504,4187,2368,1772,133661900,0,31.33445946,4.222972973,81.77317732,2.498611882,0.995138113,79.36210131,Very Limited Mobility
29095012300,3563,1923,1547,129130900,2.582093741,13.8381201,14.98694517,75.50655542,3.524229075,0.96014696,78.79924953,Very Limited Mobility
29095011410,2599,1615,1069,82828600,0.115429011,20.80495356,7.306501548,91.47685525,1.722787784,0.859586669,75.79737336,Very Limited Mobility
29047022301,3328,2151,1388,122621500,3.575721154,12.59879126,4.416550442,62.65306122,1.952662722,-0.492692294,50.09380863,Limited Mobility
29165030213,3281,2063,1640,134291500,2.560195062,7.403799318,5.552849489,51.01925255,9.366540336,-0.197534078,57.59849906,Limited Mobility
29095009000,3859,2256,1468,110650700,0.259134491,6.959219858,5.008865248,80.3030303,13.80952381,0.88061308,76.17260788,Very Limited Mobility
29047021808,4342,2517,1541,346671700,0.069092584,6.3170441,0,43.29023629,3.481143804,-1.518636835,21.57598499,Existing Mobility
29047021101,3961,2560,2036,152370300,0.07573845,14.765625,5.3125,78.41566533,4.143862392,0.29843827,68.10506567,Limited Mobility
29095014400,2951,2072,1295,148586800,0.711623179,15.97490347,4.005791506,57.8778135,8.535954475,0.2016751,65.85365854,Limited Mobility
29095013405,1829,962,816,65539100,1.202843084,25.88357588,4.781704782,65.64885496,13.86768448,1.51888028,88.55534709,Very Limited Mobility
29095013100,2996,1797,1439,97395000,0.367156208,10.86956522,5.574136009,78.0945758,2.139037433,-0.095477576,60.41275797,Limited Mobility
29037060601,4357,2500,1665,193856000,1.652513197,7.546408394,0.121065375,62.60387812,1.076555024,-1.224366082,30.95684803,Existing Mobility
29095012600,5210,2854,2282,185042600,2.418426104,14.68408048,2.400282386,69.42675159,1.26984127,-0.465030635,50.65666041,Limited Mobility
29047022200,4115,2816,1573,141432400,0,7.492897727,8.132102273,83.47629797,6.233538191,0.491078877,70.91932458,Limited Mobility
29095015402,1152,547,511,16460100,4.166666667,66.03053435,9.732824427,55.82089552,1.53256705,2.595189082,96.06003752,Extremely Limited Mobility
29095013504,4458,2776,1739,230409100,0,3.854466859,1.548991354,41.4720141,1.096748923,-1.798594957,14.44652908,Existing Mobility
29165030401,7122,4234,2560,383023400,0.112327998,3.1412376,0.094473311,42.19968799,1.375661376,-1.917533004,12.00750469,Existing Mobility
29095012903,3112,2070,1465,94815000,2.474293059,19.00145419,5.186621425,90.09057006,3.187250996,0.694224913,74.10881801,Limited Mobility
29095014905,5145,3307,1814,306493900,1.593780369,6.090133983,1.096224117,53.37154417,1.196808511,-1.425064492,25.70356473,Existing Mobility
29047021105,3894,2431,1667,162393100,0.359527478,9.670781893,7.983539095,65.46442688,5.459183673,0.084679211,64.35272045,Limited Mobility
29095011501,4295,2769,1913,115027600,4.1443539,16.61214104,3.307888041,87.43028743,6.196581197,0.644552388,73.54596623,Limited Mobility
29095018101,4971,2717,1918,309402800,0.100583384,3.570114096,0.993743099,47.48625295,3.567318757,-1.468544889,23.63977486,Existing Mobility
29037060202,5132,3234,1921,189615400,0,3.401360544,8.905380334,76.00559636,2.126905353,-0.251968101,56.28517824,Limited Mobility
29165030214,2647,1593,892,91602600,0.075557235,13.87319523,3.201506591,66.19190405,1.266713582,-0.515808359,49.71857411,Existing Mobility
29095002100,4502,2805,1577,80663900,0,5.668449198,27.23707665,94.05684755,2.105263158,1.894816968,92.12007505,Extremely Limited Mobility
29095016100,1624,973,1006,47982500,3.325123153,19.7327852,10.07194245,74.14012739,9.464508095,1.411921056,87.24202627,Very Limited Mobility
29165030004,5376,3419,2125,213318100,0.074404762,5.937408599,0.438724773,65.55323591,2.929745889,-1.024090673,37.71106942,Existing Mobility
29095010702,3908,2597,1667,103863700,0.204708291,11.43627262,17.94378129,77.68744354,1.280462619,0.915890994,77.29831144,Very Limited Mobility
29095013904,7443,4582,2716,353917100,0,2.2697512,3.535573985,45.35603715,7.184863206,-1.001181943,38.2739212,Existing Mobility
29047020400,2495,1642,1265,94618500,0.120240481,17.17417783,7.30816078,79.14659326,10.82113304,1.292359542,84.80300188,Very Limited Mobility
29095013606,1654,735,703,78595100,0,3.80952381,6.12244898,31.61875946,3.08988764,-1.436506138,25.14071295,Existing Mobility
29095005200,904,702,521,20637800,6.637168142,43.5413643,4.499274311,86.13013699,0,1.517421084,88.36772983,Very Limited Mobility
29095011300,4214,2584,1895,147165200,0.450878026,12.80959752,6.114551084,84.45434298,4.078091106,0.402409312,69.60600375,Limited Mobility
29095017100,3483,2183,1675,97001000,0.20097617,22.21713239,12.45991754,82.64815804,2.278612118,1.228600516,83.11444653,Very Limited Mobility
29095013210,2929,1974,1074,82562100,0.375554797,9.169199595,10.18237082,86.10957388,9.096692112,1.110896606,80.8630394,Very Limited Mobility
29095013918,3645,1860,1334,244258000,0.24691358,1.935483871,0.698924731,40.42944785,5.342624855,-1.570052834,20.45028143,Existing Mobility
29095008000,2697,1422,1306,74791000,0.111234705,12.9395218,13.78340366,85.03562945,2.34962406,0.916716408,77.67354597,Very Limited Mobility
29047021309,5589,3304,1799,431478200,0,0,3.541162228,28.81299735,0.454988625,-2.196647899,4.87804878,Existing Mobility
29037060402,3204,1822,1183,212125300,0,0.987925357,2.524698134,43.90832328,0,-1.918048505,11.81988743,Existing Mobility
29095003800,2133,796,698,27668300,0.421940928,46.79245283,4.025157233,90.31791908,12.78688525,3.040975986,97.37335835,Extremely Limited Mobility
29095018000,3740,2573,1696,133162000,0.668449198,5.713175282,5.907500972,70.6865402,1.173913043,-0.614211843,47.09193246,Existing Mobility
29037060904,3298,2019,1286,107382000,2.698605215,8.208955224,11.44278607,81.52424942,5.588235294,0.70560666,74.48405253,Limited Mobility
29095018102,3626,1938,1108,163036000,0,4.489164087,0,37.29189789,5.61861521,-1.542781592,21.01313321,Existing Mobility
29095014009,3724,2242,1259,143609700,0,3.256021409,1.962533452,76.27029859,1.596244131,-0.911968247,41.46341463,Existing Mobility
29095008400,2596,1294,1007,280094300,0,6.723338485,0,5.775316456,0.856898029,-2.659122102,0.562851782,Existing Mobility
29095001800,2758,1998,1141,62958500,3.190717912,19.71971972,8.658658659,93.22132097,11.44781145,1.944665661,92.87054409,Extremely Limited Mobility
29047022100,5984,4050,3385,266196200,0.01671123,8.790123457,10.96296296,55.84753104,7.529187515,0.277016562,67.72983114,Limited Mobility
29037060306,7420,4191,2739,318450900,0.094339623,3.53137676,1.57480315,55.90131763,0.884754991,-1.489978608,22.70168856,Existing Mobility
29095014126,5385,2917,2049,209706900,0.055710306,4.765169695,4.045251971,58.75102712,6.024096386,-0.621728526,46.9043152,Existing Mobility
29095014121,6948,4314,2562,248414000,0,8.599907279,4.612888271,72.39488117,2.148091989,-0.434795753,51.40712946,Limited Mobility
29165030310,4275,2349,1708,345952300,0.070175439,4.086845466,0.042571307,34.6193952,0.970464135,-2.094119125,8.255159475,Existing Mobility
29095015300,3148,2003,1268,126699200,0,18.6220669,2.196704943,53.49794239,3.77562028,-0.401626165,51.96998124,Limited Mobility
29047021703,2367,1553,942,66245600,0,8.950418545,2.640051513,90.70175439,7.66192733,0.406820803,69.98123827,Limited Mobility
29095009100,3757,2373,1793,214095200,0.106467927,4.340497261,0.884955752,21.55210643,2.226027397,-2.19271575,5.065666041,Existing Mobility
29095011406,5891,3587,2123,178660300,0.05092514,15.80708113,3.484806245,85.42199488,8.252880723,0.777176202,74.85928705,Limited Mobility
29047021810,3253,2000,1209,208894000,0.184445128,2.4,0.05,49.04236796,0.482056776,-1.88743833,12.94559099,Existing Mobility
29095003400,3212,2129,1323,56992200,0.902864259,44.85674025,14.70173791,94.76678043,7.619689818,3.452798021,98.68667917,Extremely Limited Mobility
29165030003,2822,1517,871,87422400,0,10.74489123,8.899143045,62.71899089,0.667655786,-0.328610314,53.47091932,Limited Mobility
29165030207,6485,3599,2903,368912300,0,3.362045013,5.640455682,39.22635237,3.422838595,-1.286705959,29.83114447,Existing Mobility
29095015401,2625,1547,935,21686300,13.67619048,57.40142211,11.11829347,99.32829555,19.46902655,5.111878319,100,Extremely Limited Mobility
29047020202,5100,2966,2359,331027500,0.215686275,7.087411407,1.484981438,50.46210721,3.808228494,-1.143934036,32.83302064,Existing Mobility
29037060401,2433,1434,851,128264200,0,0,0.69735007,24.60383653,4.172661871,-2.169269553,5.628517824,Existing Mobility
29095016900,2370,1465,982,71878000,0.464135021,31.74061433,3.549488055,75.13030529,6.367713004,1.190282526,81.98874296,Very Limited Mobility
29095013804,3214,1702,1104,125476200,0,0,0.352526439,53.81222432,2.86259542,-1.633560088,19.32457786,Existing Mobility
29095014604,5135,3283,2657,172902500,0.05842259,9.229363387,17.54492842,79.67145791,12.04170871,1.899443696,92.30769231,Extremely Limited Mobility
29047021004,3171,2096,1276,103440100,0.094607379,13.12022901,0.763358779,72.53992787,4.652351738,-0.274177079,55.72232645,Limited Mobility
29095010204,4221,2721,2006,155447700,0.118455342,7.975009188,6.541712606,48.43554443,2.504970179,-0.836461751,42.96435272,Existing Mobility
29095013707,2579,1374,1177,97981300,2.171384257,2.806499261,3.101920236,70.37878788,3.13253012,-0.82203053,43.71482176,Existing Mobility
29095015900,1256,1153,513,43713000,40.2866242,17.75836972,5.240174672,63.34106729,6.35451505,,,Excluded
29047021314,7237,4423,2592,306039400,2.100317811,3.68852459,2.95992714,48.41206298,2.49047014,-1.377664558,27.39212008,Existing Mobility
29165030101,3816,2423,1466,231092100,0.681341719,4.044572844,2.063557573,49.43181818,1.196369637,-1.543348802,20.82551595,Existing Mobility
29095013615,1913,998,747,109761900,9.04338735,0.201005025,2.512562814,32.62032086,1.388888889,-2.090219785,8.442776735,Existing Mobility
29095015000,3649,2193,1229,128453800,0.465881063,9.302325581,2.735978112,79.23526288,4.668587896,-0.142846836,59.09943715,Limited Mobility
29095016300,2043,1204,964,61499700,0,24.91694352,20.68106312,81.57894737,8.372530574,2.678430856,96.43527205,Extremely Limited Mobility
29095013902,1814,1012,625,70717200,0.496141125,5.637982196,0.791295747,68.81134133,4.029692471,-0.820162557,43.90243902,Existing Mobility
29095007301,1551,1168,1132,107127200,0.193423598,34.87574979,6.598114824,17.46835443,0,-0.399986748,52.1575985,Limited Mobility
29095013003,5256,2833,2051,142716800,0.095129376,15.63713378,9.424638193,74.12814274,4.169769173,0.603060395,72.60787992,Limited Mobility
29047021704,3543,2175,1187,95358000,8.326277166,20.4137931,4.367816092,80.41462084,2.843601896,0.431664038,70.54409006,Limited Mobility
29095005801,2611,1192,1148,80158700,0,19.46308725,25.33557047,85.79059829,8.946322068,2.95378668,97.18574109,Extremely Limited Mobility
29095012906,4818,3242,1789,144985200,0.581154006,14.03454658,3.917334978,78.53553482,11.81525242,0.916458205,77.48592871,Very Limited Mobility
29047021701,5035,2983,1839,174706600,3.058589871,9.283551968,4.910864447,76.24246988,5.265095729,0.034433393,62.85178236,Limited Mobility
29037060500,3201,1994,1174,142799000,0.218681662,3.761283852,3.159478435,62.27651967,6.314580941,-0.638456505,46.34146341,Existing Mobility
29095008900,1851,981,783,47902900,0,29.45973496,17.02344546,96.90210657,10.96224117,3.228410718,97.93621013,Extremely Limited Mobility
29095017300,3415,2090,1585,173579300,0,6.746411483,0.28708134,45.91163027,0.90715048,-1.668405113,18.1988743,Existing Mobility
29095014004,3951,2571,1371,129840100,0.329030625,8.440295605,14.04122909,79.78772497,8.32226649,1.17914238,81.8011257,Very Limited Mobility
29095008300,2548,1380,938,199150300,0,3.695652174,2.391304348,9.637561779,2.106847254,-2.392461022,1.688555347,Existing Mobility
29095013502,6444,3914,2343,286598300,0.139664804,3.755748595,0.970873786,61.08061254,0.958052822,-1.399505787,26.45403377,Existing Mobility
29095017200,5621,3291,2126,169671200,0.302437289,7.631498936,9.425357251,88.52119959,0.920679887,0.194659473,65.47842402,Limited Mobility
29095013407,2479,1144,998,105139000,3.469140783,9.203539823,0,34.53510436,4.047384008,-1.517772927,21.76360225,Existing Mobility
29047021602,3601,2013,1393,145309600,0.194390447,4.719324391,7.103825137,66.88488816,5.754550793,-0.19045727,57.97373358,Limited Mobility
29047020201,4210,2685,2130,126380600,1.710213777,17.3556797,6.852886406,66.06434553,0,-0.144251474,58.91181989,Limited Mobility
29095008700,2804,1560,1063,54390900,7.738944365,22.53313697,18.70397644,71.52485257,3.770848441,1.674390955,90.24390244,Extremely Limited Mobility
29095010201,1899,1213,853,44354200,6.687730384,27.08142726,5.032021958,84.53276047,6.361085126,1.2967413,84.99061914,Very Limited Mobility
29095011601,2951,1744,1728,97983200,0.643849543,30.7912844,12.1559633,78.26633166,4.904051173,1.816956494,91.369606,Extremely Limited Mobility
29095017000,2040,1370,1093,78803100,0,13.28467153,10.1459854,94.31721798,4.689092762,1.076386945,80.67542214,Very Limited Mobility
29095002200,3113,1832,1321,47336500,0.706713781,42.43093923,13.25966851,94.49477352,4.163197336,2.84274058,96.81050657,Extremely Limited Mobility
29095013418,2576,1281,1201,128554000,2.678571429,5.426975259,0,50,0,-1.757286432,15.38461538,Existing Mobility
29095011408,1276,518,644,31322800,6.818181818,30.75396825,10.51587302,89.77777778,19.02439024,3.374567887,98.12382739,Extremely Limited Mobility
29095017800,3742,2947,2145,185312100,1.950828434,23.78690193,10.4173736,42.20018034,3.113772455,0.251343474,67.35459662,Limited Mobility
29095012803,2194,1283,964,58556600,0,4.754481684,5.455962588,80.85977482,7.113654947,0.139245844,64.91557223,Limited Mobility
29095015800,2192,2124,1552,167478700,7.071167883,9.9756691,3.211678832,35.19613111,1.890989989,-1.399187235,26.64165103,Existing Mobility
29037061001,4815,2885,1864,222085700,0,4.159445407,2.461005199,68.36774445,3.575418994,-0.80951199,44.09005629,Existing Mobility
29095001900,2923,1990,1242,53789100,0,34.17085427,17.78894472,94.40847557,20.08978676,4.407715393,99.81238274,Extremely Limited Mobility
29047021809,4764,3006,1568,223885900,0,3.160345975,1.729873586,55.1560648,2.234848485,-1.377461938,27.57973734,Existing Mobility
29095005601,1698,857,799,38333800,0.294464075,19.36989498,1.983663944,83.8592233,10.61452514,1.036468629,79.9249531,Very Limited Mobility
29165030700,3625,2006,1391,145411600,0,10.71784646,3.788634098,54.23452769,1.315789474,-0.912656209,41.27579737,Existing Mobility
29095015702,3728,3155,2405,226917500,0,18.3518225,3.359746434,31.36531365,1.830581479,-1.040256164,37.14821764,Existing Mobility
29095000800,3944,2497,1436,113937200,0.709939148,6.00720865,12.65518622,65.215311,5.041605482,0.249524657,67.16697936,Limited Mobility
29095005100,1682,1248,813,127148900,4.934601665,9.719934102,5.68369028,32.8313253,2.680221811,-1.174076081,32.27016886,Existing Mobility
29095001100,2099,1796,1584,115010000,0.238208671,16.14699332,1.670378619,26.54929577,1.383285303,-1.464593992,23.82739212,Existing Mobility
29095009200,2924,1748,1396,182491100,0,3.089244851,0,27.4691358,8.615384615,-1.548812264,20.63789869,Existing Mobility
29047021311,3047,2141,1004,156291500,0,0.467071462,0,46.12621857,8.700322234,-1.233159297,30.76923077,Existing Mobility
29095009800,3129,2145,1589,137760400,0.191754554,6.060606061,3.962703963,46.88607595,3.666184274,-1.082260231,34.52157598,Existing Mobility
29165030216,4937,3263,1817,195196000,0.14178651,2.451731535,17.34600061,62.32804233,0.60400151,-0.047654495,61.53846154,Limited Mobility
29095013401,2854,2009,1269,95770900,1.401541696,26.02602603,4.054054054,76.35550587,10.87919039,1.416858155,87.42964353,Very Limited Mobility
29095006700,1361,1220,810,61451900,5.143277002,22.70491803,7.459016393,44.32989691,1.924927815,-0.13302305,59.66228893,Limited Mobility
29095017700,5221,3155,1780,171951300,0,5.89540412,5.515055468,67.05101328,3.131672598,-0.527759725,49.15572233,Existing Mobility
29095006000,1400,844,538,40212000,0,23.22274882,10.30805687,89.05775076,10.39473684,2.067982321,93.80863039,Extremely Limited Mobility
29095012200,6510,3619,2614,218878200,0.092165899,12.2133186,2.51450677,72.73333333,3.096600471,-0.322264712,54.03377111,Limited Mobility
29037060004,5383,3759,2420,217911100,0,3.644586326,5.826017558,66.42795761,0.301204819,-0.920902168,40.90056285,Existing Mobility
29047020604,5498,3764,2281,170901500,0,11.39744952,8.368756642,75.34722222,1.856392294,0.08176166,64.16510319,Limited Mobility
29047021213,3633,2327,1723,123397400,0,5.801461109,6.403094113,67.04416761,1.422550053,-0.628282378,46.52908068,Existing Mobility
29095009700,1532,1126,766,43225800,0,19.89342806,6.927175844,70.11739594,3.746397695,0.4722352,70.73170732,Limited Mobility
29095006900,1652,1434,1166,169130500,2.300242131,6.241234222,4.838709677,18.68217054,2.11062591,-1.827772912,13.8836773,Existing Mobility
29037060307,4944,2775,2076,315599500,1.860841424,3.603931562,0.072806698,54.07742998,5.277044855,-1.216624158,31.14446529,Existing Mobility
29047020902,2610,1713,998,76184800,0.114942529,17.3380035,4.786923526,66.71195652,5.376344086,0.233729735,66.60412758,Limited Mobility
29047020803,2932,1875,1184,106861400,3.001364256,3.893333333,11.2,74.5631068,1.813926273,-0.092075797,60.97560976,Limited Mobility
29095000600,4938,3039,1580,98532100,0.020251114,19.11813096,4.376439618,87.6680753,3.724802805,0.626239435,73.35834897,Limited Mobility
29047021103,4334,2272,1679,209919900,0.115366867,6.514084507,2.200704225,59.63479097,2.395490841,-1.035483284,37.52345216,Existing Mobility
29047021313,8584,5061,3161,393229800,0,2.390831851,3.457814661,50.37727474,4.975825947,-1.104816585,33.77110694,Existing Mobility
29165030308,6201,4134,2685,248139000,1.273988066,2.033898305,7.578692494,53.20197044,1.176800224,-1.081138372,34.70919325,Existing Mobility
29047021104,3853,2083,1477,141432900,3.036594861,1.154401154,9.475709476,66.87274601,0,-0.754600635,45.21575985,Existing Mobility
29095011602,2314,1039,979,58002500,13.87208297,10.76769691,22.333001,71.63995068,8.551724138,1.853394519,91.74484053,Extremely Limited Mobility
29095014122,2430,1384,859,100624700,0,2.962427746,0.722543353,48.07692308,1.333333333,-1.736068158,16.32270169,Existing Mobility
29095017900,5263,3613,2652,212908800,0.07600228,6.753390534,0.02767783,57.92174471,3.958749168,-1.09508792,34.33395872,Existing Mobility
29095010203,3924,2304,1710,162948900,3.644240571,0.56892779,5.90809628,54.33472415,5.676442763,-0.822396065,43.5272045,Existing Mobility
29037060308,5528,2979,1985,195186300,2.62301013,10.94173442,4.471544715,69.85462892,6.429156429,0.048965651,63.60225141,Limited Mobility
29095005500,1272,903,449,32582600,0,32.22591362,0,93.86920981,2.802101576,0.994194016,79.17448405,Very Limited Mobility
29095005700,2506,1184,1016,61825400,0.11971269,47.80405405,18.66554054,90.99735216,12.17656012,4.324846469,99.62476548,Extremely Limited Mobility
29095988300,277,149,93,19172800,0,8.053691275,2.684563758,48.32214765,0,-1.424321456,25.89118199,Existing Mobility
29047021312,7708,4581,2514,398490800,0.038920602,0.545970736,1.354007425,44.06496298,1.302022785,-1.908114051,12.38273921,Existing Mobility
29095003700,1182,644,508,32142300,3.807106599,21.42857143,13.97515528,85.71428571,9.850107066,2.157510899,94.37148218,Extremely Limited Mobility
29095014501,3741,1989,1745,163448400,0,9.200603318,2.362996481,65.52325581,0.873839432,-0.892089396,42.02626642,Existing Mobility
29095008800,3393,1959,1424,76013700,3.330386089,35.72895277,3.285420945,88.3854499,9.373134328,1.999188388,93.43339587,Extremely Limited Mobility
29095013614,2475,1633,1103,157015300,0,0,20.75933864,35.19798869,1.437371663,-0.444360069,51.2195122,Limited Mobility
29047020802,2907,1546,1243,94519700,0.103199174,8.538163001,4.398447607,60.88,3.997194951,-0.545084212,48.7804878,Existing Mobility
29095014503,1258,512,791,38877900,10.49284579,20.35573123,1.581027668,70.98445596,1.864801865,-0.138602434,59.28705441,Limited Mobility
29047022302,5817,2943,2092,248060500,0.550111741,5.617977528,2.996254682,58.88542479,2.53789214,-1.017147415,37.89868668,Existing Mobility
29165030502,3072,1720,1247,92856300,8.138020833,8.931917552,5.2467208,69.91584853,2.274204029,-0.408487059,51.78236398,Limited Mobility
29095016802,1425,1035,733,87029700,0.842105263,5.603864734,0.676328502,19.32858596,7.22513089,-1.691792768,17.26078799,Existing Mobility
29165980000,0,0,0,0,,,,,,,,Excluded
29037061002,7189,4007,2563,272241900,0.403394074,3.194409783,4.092837534,72.35998885,3.686517144,-0.611778384,47.46716698,Existing Mobility
29047021214,1275,721,546,63287900,0,5.686546463,1.941747573,33.02611367,3.256445047,-1.650897532,18.76172608,Existing Mobility
29165030601,1873,1130,794,74733800,0,8.407079646,6.725663717,68.76876877,2.604651163,-0.301432934,54.78424015,Limited Mobility
29047021307,7861,5393,2951,386826900,1.094008396,3.0987493,6.36550308,57.23202755,4.890959136,-0.658671667,45.77861163,Existing Mobility
29095011900,3903,2454,1592,131751500,0.153727902,4.812398042,10.72593801,75.30241935,4.238754325,0.17808355,65.10318949,Limited Mobility
29095012804,5247,3394,2362,235092200,0.057175529,12.4631703,9.428403064,77.68324607,4.283604136,0.531742317,71.85741088,Limited Mobility
29047021401,4455,2889,1411,156341200,17.62065095,7.234432234,0.412087912,64.76236198,3.278688525,-0.941337486,40.71294559,Existing Mobility
29095012904,2364,1516,1002,79383200,0.126903553,7.65171504,11.14775726,75,5.754795663,0.511264042,71.48217636,Limited Mobility
29095010500,4874,2909,1768,112890100,0.287238408,14.43795119,8.765898934,90.70471249,8.713692946,1.337691256,85.74108818,Very Limited Mobility
29095016700,3069,2352,2244,129849100,0.684261975,21.21598639,6.675170068,36.35844749,5.314232902,-0.128139964,60.22514071,Limited Mobility
29095007700,1809,1096,950,40871600,4.090657822,18.35616438,26.94063927,92.30769231,8.975979772,3.193792534,97.74859287,Extremely Limited Mobility
29037060001,4854,2570,1981,293278400,0.123609394,9.377431907,5.875486381,59.83746792,4.102795311,-0.3861653,52.53283302,Limited Mobility
29095011701,2308,1494,856,56578200,1.429809359,12.98527443,21.48594378,89.348659,1.20593692,1.577813823,89.11819887,Very Limited Mobility
29095014006,6499,3533,2383,242263900,0.030773965,11.12369091,2.29266912,73.40425532,2.019906323,-0.49211447,50.28142589,Limited Mobility
29047021212,6663,3830,2571,293135100,0.390214618,5.674686192,4.994769874,50.75434102,3.152412281,-0.972239868,39.39962477,Existing Mobility
29095002000,1867,1057,738,37106000,1.981788966,13.33964049,20.34058657,89.73509934,6.297229219,2.020665896,93.62101313,Extremely Limited Mobility
29047021807,4085,2582,1480,184701800,0,1.00697134,9.914794733,56.18448637,1.090604027,-0.869393829,42.5891182,Existing Mobility
29095005300,1178,825,645,36332900,2.46179966,34.90909091,8.242424242,77.60989011,2.145922747,1.399574328,86.86679174,Very Limited Mobility
29095011200,3311,1831,1275,141743100,2.234974328,7.900677201,5.191873589,82.51833741,5.849056604,0.194710175,65.66604128,Limited Mobility
29047021003,4001,2322,1811,215261200,0.074981255,3.273040482,1.42118863,42.15591915,4.415218412,-1.488739537,22.88930582,Existing Mobility
29095014124,3181,1749,1326,116624500,0.094309965,3.373356204,11.54945683,67.82608696,0.694883133,-0.363324921,53.28330206,Limited Mobility
29095015701,1930,1768,1470,133611600,0,9.728506787,9.558823529,25.75976845,2.094554159,-1.064186488,36.02251407,Existing Mobility
29095015100,5748,3215,2133,195152800,1.165622825,7.744945568,2.923794712,85.62046319,1.104158999,-0.416656506,51.59474672,Limited Mobility
29095008600,5324,3261,2451,342195200,2.329075883,2.835130971,1.910631741,16.48953301,2.660550459,-2.260173143,3.939962477,Existing Mobility
29095014002,1772,1033,736,88667000,0,9.002904163,5.905130687,59.9394551,0.442967885,-0.770933457,44.84052533,Existing Mobility
29095010103,2408,1539,1138,92401900,0.290697674,7.927225471,0.974658869,60.78869048,2.363367799,-1.043126041,36.96060038,Existing Mobility
29095011002,2148,1345,893,43988100,2.001862197,31.75675676,4.57957958,87.29792148,14.79357798,2.423465889,95.30956848,Extremely Limited Mobility
29095014603,3914,2124,1547,144830700,0.076647931,3.907721281,2.212806026,70.76180258,3.121801433,-0.833101051,43.15196998,Existing Mobility
29047020602,4400,2918,1666,120478500,0.454545455,19.80808773,6.991089788,85.34258456,7.030936119,1.169233362,81.61350844,Very Limited Mobility
29047021001,3861,2319,1780,124971600,0,18.5424752,5.088400172,79.10377358,2.903600465,0.37005723,69.23076923,Limited Mobility
29095019302,3311,1905,1270,163386900,0.090607067,3.937007874,3.149606299,53.46598203,4.04432133,-1.070097735,35.45966229,Existing Mobility
29047021900,6710,4340,2406,334978800,0,4.447004608,0.921658986,66.15384615,0.516164086,-1.290576443,29.45590994,Existing Mobility
29095013613,2429,533,1453,123429300,0.205846027,7.317073171,24.20262664,79.62577963,0,1.159970531,81.42589118,Very Limited Mobility
29095013708,3018,1844,1164,150005800,1.590457256,2.575342466,5.369863014,38.81748072,2.328288708,-1.472373265,23.26454034,Existing Mobility
29095006500,1639,1302,850,76574800,0.305064063,16.43625192,5.760368664,24.75442043,2.987551867,-0.973615249,39.2120075,Existing Mobility
29165030208,3597,1899,1360,272322600,0.139004726,2.843601896,0.421274355,32.94117647,0.867346939,-2.177516063,5.253283302,Existing Mobility
29095013417,2698,1905,1338,85800000,16.82727947,20.36914964,21.81938036,61.50121065,0.805369128,1.291867539,84.61538462,Very Limited Mobility
29095016000,1834,1069,603,62583100,4.634678299,30.30869972,11.31898971,89.41565601,1.64556962,1.655588643,89.86866792,Very Limited Mobility
29095014902,2041,1109,888,81180500,0,9.467989179,5.500450857,85.11530398,1.302083333,-0.092925661,60.7879925,Limited Mobility
29037061300,6906,3975,3147,243239600,2.200984651,13.52313167,8.032536858,78.55771867,8.324235808,0.895603423,76.92307692,Very Limited Mobility
29095005400,540,288,342,10912600,2.777777778,49.12280702,5.964912281,87.86764706,3.092783505,2.29495979,94.93433396,Extremely Limited Mobility
29047020300,6862,4747,2839,251458000,9.151850772,9.565428502,7.064821559,74.66456196,5.322705066,0.205162845,66.0412758,Limited Mobility
29095009600,1474,881,626,34223600,0,16.23155505,9.53461975,88.76712329,18.64661654,2.457430892,95.684803,Extremely Limited Mobility
29095010600,2720,1670,1067,101919900,0,2.634730539,14.43113772,82.71276596,1.374819103,0.27322742,67.54221388,Limited Mobility
29165030501,3515,2069,1323,135516700,0,5.944900918,11.84146931,66.37931034,3.504928806,0.047808694,63.41463415,Limited Mobility
29165030102,5119,3460,2004,294135900,0.89861301,4.942196532,6.12716763,37.44177714,1.088483146,-1.439213629,24.76547842,Existing Mobility
29095011800,4933,3239,2351,124206000,0.22298804,21.14850262,7.255325718,91.28256513,5.894736842,1.290398463,84.42776735,Very Limited Mobility
29095010001,1628,871,825,89011400,2.641277641,1.262916188,4.936854191,51.41388175,0.387096774,-1.474752102,23.07692308,Existing Mobility
29165030002,3916,2533,1468,136406400,3.268641471,13.45005969,10.74413052,68.21256039,7.115384615,0.75853494,74.67166979,Limited Mobility
29095017600,5168,3084,1962,206624200,0.077399381,5.739299611,1.037613489,71.63753122,5.147333085,-0.612800509,47.27954972,Existing Mobility
29047022000,6988,3986,2873,319076500,0.586720092,3.733602422,1.3370333,61.90205011,1.6801854,-1.276141233,30.01876173,Existing Mobility
29095004400,1666,1219,1045,130071300,0,12.05906481,6.23461854,27.90262172,1.27388535,-1.262131087,30.39399625,Existing Mobility
29095014203,4510,2559,1511,217274600,0,4.845642829,2.344665885,52.17391304,1.358313817,-1.394503244,27.01688555,Existing Mobility
29095015500,1872,1141,636,36713900,0,40.7537248,24.45223488,79.36726272,7.671232877,3.722199619,99.0619137,Extremely Limited Mobility
29095014120,3130,1667,1120,146127800,0.159744409,3.959208158,4.919016197,47.9638009,2.362204724,-1.216294902,31.33208255,Existing Mobility
29037061100,4323,2445,1783,200462500,0,2.535787321,7.607361963,75.78373467,3.08234258,-0.319650579,54.22138837,Limited Mobility
29095011405,3001,1469,1088,41719300,0,36.62355344,12.45745405,93.31619537,13.95563771,3.426891401,98.49906191,Extremely Limited Mobility
29095004600,2629,1730,1372,131280700,1.901863827,8.84749709,4.132712456,32.20951234,1.816180517,-1.457644757,24.01500938,Existing Mobility
29095014125,2005,1086,787,112078600,0,1.38121547,1.841620626,57.43801653,5.603864734,-1.066869456,35.83489681,Existing Mobility
29095980802,0,0,0,0,,,,,,,,Excluded
29095007802,2210,924,906,45299900,0.316742081,13.96103896,12.44588745,83.72921615,5.653266332,1.156996948,81.23827392,Very Limited Mobility
29095013309,5353,3168,2128,149677200,2.03624136,14.30847674,6.277884003,70.76363636,9.344082081,0.701091735,74.29643527,Limited Mobility
29037060003,3712,2078,1493,126070900,0,8.902791145,10.49085659,65.72557877,5.635245902,0.286519531,67.91744841,Limited Mobility
29047021806,4246,1964,1799,165063900,1.625058879,8.823529412,9.391124871,62.79069767,6.363137685,0.18991632,65.29080675,Limited Mobility
29095018500,4735,2608,1879,281464100,0.147835269,1.303680982,1.687116564,37.13062099,0.776699029,-2.057806737,8.818011257,Existing Mobility
29095013916,6044,3657,2132,312514700,0.148908008,6.289308176,4.785343177,51.416122,2.79346211,-0.978396099,38.83677298,Existing Mobility
29095014206,4910,2497,2059,351755100,0,1.641970364,1.682018422,27.61227212,1.791044776,-2.165319049,5.816135084,Existing Mobility
29095017400,3010,1798,1394,67045800,0.73089701,12.01334816,26.47385984,70.09009009,3.074141049,1.68946425,90.4315197,Extremely Limited Mobility
29095001000,3008,1738,1204,74288400,0,15.18987342,15.07479862,54.15135929,13.27913279,1.515006997,88.18011257,Very Limited Mobility
29037060700,3573,1947,1383,128948900,0,5.957883924,7.960965588,81.6943128,2.166064982,-0.058898715,61.35084428,Limited Mobility
29095014806,4508,2428,1582,195513700,0.621118012,7.965332233,3.09533636,51.41662796,2.487562189,-1.067786667,35.64727955,Existing Mobility
29095013705,1386,898,696,58269600,0.072150072,8.351893096,9.465478842,50.96921323,5.39523212,-0.209003088,57.4108818,Limited Mobility
29095014005,4945,2922,1876,183322300,1.577350859,11.01984942,3.18275154,84.43017657,3.867623604,0.030277752,62.47654784,Limited Mobility
29095004300,2828,2224,1408,122517900,9.476661952,28.0227596,3.082029398,51.95876289,1.120448179,-0.131690061,59.84990619,Limited Mobility
29095016500,1914,1009,769,50584900,0,18.13676908,20.61446977,89.32238193,0,1.652233376,89.68105066,Very Limited Mobility
29047021211,3063,1952,1436,114577300,0.097943193,13.88319672,17.31557377,67.77777778,2.611534276,0.888443555,76.73545966,Very Limited Mobility
29165030215,1113,792,584,59563800,0,0,0.631313131,64.8989899,0.257400257,-1.607597573,19.69981238,Existing Mobility
29095014008,3697,2322,1649,134645000,0.270489586,4.823428079,10.07751938,73.75415282,2.11902615,-0.129113549,60.03752345,Limited Mobility
29047021208,5411,3756,2490,197170800,0.628349658,11.41785044,3.296703297,68.02045728,2.211084906,-0.498409063,49.90619137,Existing Mobility
29095008100,2072,1550,951,70567600,0,30.32258065,6.064516129,55.57432432,8.087091757,1.040665506,80.11257036,Very Limited Mobility
29095012703,2464,1681,1161,101203100,0.081168831,3.628792385,3.390838786,81.73690932,8.004851425,0.010716378,62.10131332,Limited Mobility
29095018600,2875,1755,1101,159045300,0,2.792022792,3.760683761,39.64460784,6.005830904,-1.209604723,31.51969981,Existing Mobility
29095008200,2974,1859,1522,165777900,0.30262273,3.604088219,5.217859064,25.89073634,4.467005076,-1.523928468,21.20075047,Existing Mobility
29095014804,3265,1928,1231,177891600,0,0.933609959,0.363070539,43.61334868,6.772009029,-1.431796116,25.32833021,Existing Mobility
29095006600,1921,1419,1083,145926400,5.517959396,11.65270373,6.169078446,23.07025152,2.602523659,-1.27057483,30.20637899,Existing Mobility
29095019301,3872,2352,1552,159560900,0,4.25170068,9.608843537,77.29379055,1.928133216,-0.134925288,59.47467167,Limited Mobility
29095014112,1876,1047,673,101581100,0.106609808,4.966571156,1.241642789,45.29236868,1.956745623,-1.588214179,20.26266417,Existing Mobility
29047021404,5378,2984,2119,240866400,2.621792488,11.97686288,3.028240898,50.70309361,7.94248545,-0.326784002,53.84615385,Limited Mobility
29165030201,5917,3817,2436,354492500,0.050701369,2.305475504,0.759758973,36.5746181,2.536556252,-1.920944783,11.63227017,Existing Mobility
29095011407,3060,1683,1509,107751600,0,4.515745692,5.288175876,84.46601942,5.818414322,0.067252804,63.78986867,Limited Mobility
29095012702,3548,2033,1398,133142900,2.057497182,8.378780367,2.231036192,77.83902977,6.387789712,-0.095360306,60.60037523,Limited Mobility
29047020500,6431,3703,2618,161359100,0.171046494,15.96003241,13.25951931,77.72835113,6.959204662,1.322354367,85.55347092,Very Limited Mobility
29095005602,1349,935,558,32925400,0.66716086,24.49197861,5.347593583,89.89298454,14.42176871,2.130003627,93.99624765,Extremely Limited Mobility
29165030210,2248,1234,859,121135300,2.357651246,3.565640194,0.405186386,36.08815427,0.495867769,-2.102996523,7.879924953,Existing Mobility
29095007100,3175,2379,2027,188756700,1.826771654,8.82852292,2.164685908,26.93345324,1.595259799,-1.778588084,14.8217636,Existing Mobility
29095007900,4061,2203,1568,71474000,2.41319872,33.48540146,18.33941606,83.23095823,3.920386007,2.517724732,95.87242026,Extremely Limited Mobility
29095013706,4397,2729,1878,122317800,0.409370025,26.46627566,6.231671554,76.64264519,9.175475687,1.464578485,87.61726079,Very Limited Mobility
29165030306,5610,3574,2082,411102200,0,1.958589815,0,33.12674311,2.969678024,-2.044158922,9.005628518,Existing Mobility
29095012400,4327,2428,1845,132510400,0.369771204,14.29159802,6.919275124,80.55062167,6.086519115,0.660743652,73.73358349,Limited Mobility
29165030103,5546,3399,2124,331664200,5.914172376,5.80872914,3.177150193,35.95026643,1.313171508,-1.663310514,18.38649156,Existing Mobility
29095013203,3931,2024,1243,67651900,0.330704655,25.80645161,25.06203474,83.2594235,16.95941853,4.015465417,99.43714822,Extremely Limited Mobility
29095009900,2320,1372,1128,125670100,0.043103448,4.15451895,5.102040816,28.54973424,2.396053559,-1.650643394,18.94934334,Existing Mobility
29095008500,3551,1825,1331,379645800,0,0.164383562,0,10.90706733,0.836820084,-2.885928425,0.187617261,Existing Mobility
29095009300,2412,1659,1340,127717700,2.777777778,7.360097324,6.569343066,35.60176434,0.987045034,-1.326837753,28.7054409,Existing Mobility
29095007400,4234,3026,1665,297062800,20.76051016,22.11895911,1.719330855,22.39902081,4.184457728,-0.960031766,40.15009381,Existing Mobility
29095012100,5380,3029,2394,171639400,0.185873606,14.06404754,10.82865632,87.7173913,3.217358773,0.870631417,75.98499062,Very Limited Mobility
29095017500,2134,1225,944,52563300,0.984067479,17.95918367,7.428571429,80.89602705,5.22317189,0.820389617,75.42213884,Very Limited Mobility
29095014128,5650,2896,2268,192586500,1.699115044,8.307372793,2.630668051,74.16081187,6.12244898,-0.179063769,58.16135084,Limited Mobility
29165030212,4561,2405,1978,178104800,0.131550099,10.47817048,10.18711019,49.68583857,8.484609313,0.248121651,66.9793621,Limited Mobility
29037060602,4533,2962,1856,171104700,0.330906684,5.840648211,0,65.49904031,7.992565056,-0.556972102,48.59287054,Existing Mobility
29095000700,4308,2885,1596,97471100,2.065923863,11.38040042,15.52511416,76.65827036,3.051525763,0.856598052,75.6097561,Very Limited Mobility
29095013313,5193,3170,2113,175095000,0.346620451,6.942253077,13.34805932,72.66881029,0.4,0.06840538,63.97748593,Limited Mobility
29037060100,1676,1034,721,45131600,5.727923628,2.23880597,13.75266525,78.32512315,12.57557437,1.220469041,82.55159475,Very Limited Mobility
29095007500,2968,2383,952,78648900,26.92048518,27.95765878,5.853051059,48.31261101,8.658294779,0.781122076,75.04690432,Very Limited Mobility
29047021811,4017,2318,1533,253278800,0,0.949094047,0.5608283,47.50356633,10.46099291,-0.947856956,40.52532833,Existing Mobility
29095007600,2239,1378,955,50679600,0.535953551,14.80406386,6.821480406,73.74449339,11.15537849,1.029058032,79.73733583,Very Limited Mobility
29095014701,3964,2655,1850,171116600,4.667003027,2.994241843,9.328214971,59.20070268,11.52737752,0.31185084,68.66791745,Limited Mobility
29095012802,4189,2699,1716,143785400,0.525185008,9.785025945,7.153446998,68.5520362,5.01232539,0.047032836,63.22701689,Limited Mobility
29165030211,2589,1771,1312,104404000,0,7.735742518,10.27667984,71.1409396,0,-0.234151099,56.4727955,Limited Mobility
29095014903,5834,3448,2113,283710100,0.154268084,4.959396752,5.220417633,60.90966921,0.032123354,-1.063130701,36.21013133,Existing Mobility
29095014123,3543,2226,1385,119524800,0.197572679,3.593890386,5.795148248,79.97858672,9.558117195,0.333354754,69.04315197,Limited Mobility
29095010002,3443,2835,2005,122814100,0.14522219,6.349206349,7.054673721,68.89067524,3.112990008,-0.327475262,53.65853659,Limited Mobility
29095018200,4285,2467,1280,207270200,0.093348891,2.14835833,0,36.28558518,4.823428079,-1.771214741,15.00938086,Existing Mobility
29037061400,5090,2945,1763,132717500,4.518664047,2.047299682,6.600776562,92.41540257,8.717748241,0.533965076,72.04502814,Limited Mobility
29095002300,2207,1121,797,39765800,0.906207522,39.07225691,10.79393399,93.39305711,13.60239163,3.377778776,98.31144465,Extremely Limited Mobility
29095013612,7080,4499,2645,414356400,0,3.956434763,6.156923761,33.83838384,3.089353612,-1.372716979,27.7673546,Existing Mobility
29095011502,1484,937,641,33187700,2.830188679,38.6339381,5.549626467,85.1994852,6.191117093,1.952564883,93.05816135,Extremely Limited Mobility
29095012000,3828,2170,1491,95788600,0.888192268,24.56221198,8.986175115,76.44670051,5.925507901,1.270535033,84.24015009,Very Limited Mobility
29047021210,5186,3215,2181,222346700,0,11.22861586,10.29548989,52.06883925,0.116867939,-0.491563006,50.46904315,Limited Mobility
29047020901,6509,3986,2596,229640500,0.215086803,9.483191169,16.73356749,68.91604676,5.870445344,0.96128163,78.98686679,Very Limited Mobility
29165030602,6372,3595,2269,250551300,0,8.456189152,2.030598053,53.11619167,2.274225445,-1.115503517,33.39587242,Existing Mobility
29095011001,3218,1812,1037,64200800,0,32.83664459,8.774834437,86.20466321,2.641802642,1.591755921,89.30581614,Very Limited Mobility
29095980101,0,0,0,0,,,,,,,,Excluded
29047021204,5381,3449,2330,188092500,0,9.07509423,4.668019716,61.02096011,3.004026014,-0.590175555,48.03001876,Existing Mobility
29095006300,1709,1365,1111,56169800,4.856641311,17.85989222,16.9361047,77.04778157,3.644444444,1.392028776,86.67917448,Very Limited Mobility
29095000300,2445,1709,1229,90114800,0,27.15038034,2.340550029,54.97661991,0.535475234,-0.229507194,56.66041276,Limited Mobility
29095007302,1133,887,864,116927500,0,8.455467869,1.916572717,23.62768496,1.483050847,-1.910331871,12.19512195,Existing Mobility
29095013301,3899,2304,1836,95028500,0.436009233,23.13400262,12.78917503,82.54620123,7.010090281,1.781699253,90.99437148,Extremely Limited Mobility
29095013208,2564,1448,1209,78162000,0.390015601,5.939226519,12.84530387,90.27149321,1.627906977,0.516351155,71.66979362,Limited Mobility
29047020603,4725,2980,1858,141181800,0,15.40268456,7.315436242,86.45675266,7.605042017,1.048796868,80.30018762,Very Limited Mobility
29095009400,4208,3214,2091,167566400,2.281368821,13.60779384,1.257071025,49.90533889,2.590860022,-0.954758369,40.33771107,Existing Mobility
29095013410,4168,3040,2264,109499600,0.047984645,20.46052632,18.42105263,71.59934048,7.373622197,1.905909128,92.49530957,Extremely Limited Mobility
29095009500,3251,1744,1255,64057800,0,20.92889908,21.50229358,81.34816754,12.38938053,2.939257343,96.99812383,Extremely Limited Mobility
29095013416,2241,1343,850,78680700,0.312360553,11.61578555,3.350707372,68.98734177,1.488833747,-0.533114141,48.96810507,Existing Mobility
29095016801,1998,1625,1600,102817500,0.45045045,21.36699507,4.187192118,43.48178138,7.310344828,0.035108895,63.03939962,Limited Mobility
29095000900,3230,1994,1299,103740600,0.309597523,19.10732197,17.85356068,77.17161017,2.942942943,1.470103063,87.99249531,Very Limited Mobility
29095989100,45,45,45,,0,0,0,100,0,,,Excluded
29037061200,4199,2286,1575,161661900,0,6.736657918,5.599300087,77.78340081,4.841075795,-0.046520592,61.7260788,Limited Mobility
29095014702,4921,2690,1891,236786300,1.097337939,0.670640835,3.427719821,60.80298013,4.010494753,-1.046929997,36.58536585,Existing Mobility
29095016200,2056,1424,974,61691900,12.01361868,26.89545092,14.92418196,56.20512821,5.329949239,1.367513327,86.49155722,Very Limited Mobility
29095007200,2020,1246,975,233465300,0,11.95826645,1.123595506,9.773755656,5.146476643,-1.754723233,15.75984991,Existing Mobility
29095013801,5497,3306,2119,236619100,0.054575223,12.12946158,1.08892922,60.92767296,4.332129964,-0.608233856,47.65478424,Existing Mobility
29165030309,4736,3134,2004,244403100,0.253378378,7.370772176,14.70963625,53.57570915,6.896551724,0.410054654,70.16885553,Limited Mobility
29095013917,3774,2394,1521,267188800,0,5.931495405,5.096073517,51.94746377,1.763224181,-1.061713319,36.39774859,Existing Mobility
29037060800,6477,3894,2401,268450900,1.636560136,5.94468855,1.214784182,76.57553957,4.677846425,-0.515903958,49.53095685,Existing Mobility
29095011409,1469,824,539,56298800,0,6.189320388,7.160194175,86.328125,11.66448231,0.954484474,78.42401501,Very Limited Mobility
29047021812,5563,3366,2141,272469300,0,3.267973856,1.990493167,67.904,1.592069691,-1.109304715,33.58348968,Existing Mobility
29095012502,3063,1763,1145,79118300,8.096637284,18.79391101,7.962529274,84.61016949,13.56041131,1.842676787,91.55722326,Extremely Limited Mobility
